frame_nmr,car_id,car_bbox,license_plate_bbox,license_plate_bbox_score,license_number,license_number_score
0,0,"[612.5643920898438, 340.385498046875, 703.6702270507812, 396.8523254394531]","[275.4549255371094, 162.31103515625, 400.9747009277344, 262.0273132324219]",0.6058732867240906,MDY-63M [43038,0.7416113372491067
