frame_nmr,car_id,car_bbox,license_plate_bbox,license_plate_bbox_score,license_number,license_number_score
0,0,[252.99913024902344 24.83191680908203 610.8875732421875 266.403076171875],[297.19085693359375 123.33415985107422 367.4054260253906 174.43772888183594],0.5700426697731018,A,0.1152220952821068
